{
    "openapi": "3.0.0",
    "servers": [],
    "info": {
        "title": "",
        "description": "",
        "version": ""
    },
    "tags": [
        {
            "name": "Info"
        },
        {
            "name": "User"
        },
        {
            "name": "Task"
        }
    ],
    "paths": {
        "/": {
            "get": {
                "tags": [
                    "Info"
                ],
                "summary": "Show API information",
                "description": "This is a public route",
                "operationId": "showApiInfo",
                "responses": {
                    "200": {
                        "description": "ok"
                    }
                }
            }
        },
        "/users": {
            "get": {
                "tags": [
                    "User"
                ],
                "summary": "List all users",
                "description": "Returns all users",
                "operationId": "FindAllUsers",
                "security": [
                    {
                        "basicAuth": []
                    }
                ],
                "responses": {
                    "200": {
                        "description": "ok",
                        "content": {
                            "application/json": {
                                "schema": {
                                    "type": "object",
                                    "properties": {
                                        "success": {
                                            "type": "boolean"
                                        },
                                        "message": {
                                            "type": "string"
                                        },
                                        "data": {
                                            "type": "array",
                                            "items": {
                                                "$ref": "#/components/schemas/User"
                                            }
                                        }
                                    }
                                }
                            }
                        }
                    }
                }
            },
            "post": {
                "tags": [
                    "User"
                ],
                "summary": "Create new user",
                "description": "",
                "operationId": "CreateUser",
                "security": [
                    {
                        "basicAuth": []
                    }
                ],
                "responses": {
                    "201": {
                        "description": "created",
                        "content": {
                            "application/json": {
                                "schema": {
                                    "type": "object",
                                    "properties": {
                                        "success": {
                                            "type": "boolean"
                                        },
                                        "message": {
                                            "type": "string"
                                        },
                                        "data": {
                                            "$ref": "#/components/schemas/User"
                                        }
                                    }
                                }
                            }
                        }
                    }
                },
                "requestBody": {
                    "$ref": "#/components/requestBodies/NewUser"
                }
            }
        },
        "/users/{id}": {
            "get": {
                "tags": [
                    "User"
                ],
                "summary": "Get user",
                "description": "Returns the given user",
                "operationId": "FindUser",
                "security": [
                    {
                        "basicAuth": []
                    }
                ],
                "parameters": [
                    {
                        "name": "id",
                        "in": "path",
                        "description": "ID of user to return",
                        "required": true,
                        "schema": {
                            "type": "string",
                            "format": "uuid"
                        }
                    }
                ],
                "responses": {
                    "200": {
                        "description": "ok",
                        "content": {
                            "application/json": {
                                "schema": {
                                    "type": "object",
                                    "properties": {
                                        "success": {
                                            "type": "boolean"
                                        },
                                        "message": {
                                            "type": "string"
                                        },
                                        "data": {
                                            "$ref": "#/components/schemas/User"
                                        }
                                    }
                                }
                            }
                        }
                    }
                }
            },
            "put": {
                "tags": [
                    "User"
                ],
                "summary": "Update user",
                "description": "Updates the given user",
                "operationId": "UpdateUser",
                "security": [
                    {
                        "basicAuth": []
                    }
                ],
                "parameters": [
                    {
                        "name": "id",
                        "in": "path",
                        "description": "ID of user to update",
                        "required": true,
                        "schema": {
                            "type": "string",
                            "format": "uuid"
                        }
                    }
                ],
                "responses": {
                    "200": {
                        "description": "ok",
                        "content": {
                            "application/json": {
                                "schema": {
                                    "type": "object",
                                    "properties": {
                                        "success": {
                                            "type": "boolean"
                                        },
                                        "message": {
                                            "type": "string"
                                        },
                                        "data": {
                                            "$ref": "#/components/schemas/User"
                                        }
                                    }
                                }
                            }
                        }
                    }
                },
                "requestBody": {
                    "$ref": "#/components/requestBodies/NewUser"
                }
            },
            "delete": {
                "tags": [
                    "User"
                ],
                "summary": "Delete user",
                "description": "Removes the given user",
                "operationId": "DeleteUser",
                "security": [
                    {
                        "basicAuth": []
                    }
                ],
                "parameters": [
                    {
                        "name": "id",
                        "in": "path",
                        "description": "ID of user to delete",
                        "required": true,
                        "schema": {
                            "type": "string",
                            "format": "uuid"
                        }
                    }
                ],
                "responses": {
                    "200": {
                        "description": "ok",
                        "content": {
                            "application/json": {
                                "schema": {
                                    "type": "object",
                                    "properties": {
                                        "success": {
                                            "type": "boolean"
                                        },
                                        "message": {
                                            "type": "string"
                                        }
                                    }
                                }
                            }
                        }
                    }
                }
            }
        },
        "/users/me/tasks": {
            "get": {
                "tags": [
                    "User",
                    "To Implement"
                ],
                "summary": "Get all tasks of the current user",
                "description": "",
                "operationId": "GetUserTask",
                "security": [
                    {
                        "basicAuth": []
                    }
                ],
                "responses": {
                    "200": {
                        "description": "created",
                        "schema": {
                            "type": "array",
                            "items": {
                                "$ref": "#/definitions/Task"
                            }
                        }
                    }
                }
            }
        },
        "/tasks": {
            "get": {
                "tags": [
                    "Task"
                ],
                "summary": "List all tasks",
                "description": "Returns all task",
                "operationId": "FindAllTasks",
                "security": [
                    {
                        "basicAuth": []
                    }
                ],
                "responses": {
                    "200": {
                        "description": "ok",
                        "content": {
                            "application/json": {
                                "schema": {
                                    "type": "object",
                                    "properties": {
                                        "success": {
                                            "type": "boolean"
                                        },
                                        "message": {
                                            "type": "string"
                                        },
                                        "data": {
                                            "type": "array",
                                            "items": {
                                                "$ref": "#/components/schemas/Task"
                                            }
                                        }
                                    }
                                }
                            }
                        }
                    }
                }
            },
            "post": {
                "tags": [
                    "Task"
                ],
                "summary": "Create new task for the current user",
                "description": "",
                "operationId": "CreateUserTask",
                "security": [
                    {
                        "basicAuth": []
                    }
                ],
                "parameters": [
                    {
                        "in": "body",
                        "name": "body",
                        "description": "Task object that needs to be added to the database",
                        "required": true,
                        "schema": {
                            "$ref": "#/definitions/NewTask"
                        }
                    }
                ],
                "responses": {
                    "201": {
                        "description": "created",
                        "schema": {
                            "$ref": "#/definitions/Task"
                        }
                    }
                }
            }
        },
        "/tasks/{id}": {
            "put": {
                "tags": [
                    "Task"
                ],
                "summary": "Update task",
                "description": "Updates the given task",
                "operationId": "UpdateTask",
                "security": [
                    {
                        "basicAuth": []
                    }
                ],
                "parameters": [
                    {
                        "name": "id",
                        "in": "path",
                        "description": "ID of task to update",
                        "required": true,
                        "type": "string"
                    },
                    {
                        "in": "body",
                        "name": "body",
                        "description": "User object that needs to be added to the database",
                        "required": true,
                        "schema": {
                            "$ref": "#/definitions/Task"
                        }
                    }
                ],
                "responses": {
                    "200": {
                        "description": "ok",
                        "schema": {
                            "$ref": "#/definitions/Task"
                        }
                    }
                }
            }
        }
    },
    "components": {
        "requestBodies": {
            "NewUser": {
                "content": {
                    "application/json": {
                        "schema": {
                            "$ref": "#/components/schemas/NewUser"
                        }
                    }
                },
                "description": "User object that needs to be added to the database",
                "required": true
            },
            "NewTask": {
                "type": "object",
                "properties": {
                    "title": {
                        "type": "string"
                    }
                }
            }
        },
        "securitySchemes": {
            "basicAuth": {
                "type": "http",
                "scheme": "basic"
            }
        },
        "schemas": {
            "NewUser": {
                "type": "object",
                "properties": {
                    "firstName": {
                        "type": "string"
                    },
                    "lastName": {
                        "type": "string"
                    },
                    "username": {
                        "type": "string"
                    },
                    "password": {
                        "type": "string"
                    },
                    "email": {
                        "type": "string"
                    }
                }
            },
            "User": {
                "title": "User",
                "type": "object",
                "properties": {
                    "id": {
                        "type": "string",
                        "format": "uuid"
                    },
                    "firstName": {
                        "type": "string"
                    },
                    "lastName": {
                        "type": "string"
                    },
                    "username": {
                        "type": "string"
                    },
                    "email": {
                        "type": "string"
                    },
                    "updatedAt": {
                        "type": "string",
                        "format": "date-time"
                    },
                    "createdAt": {
                        "type": "string",
                        "format": "date-time"
                    }
                }
            },
            "Task": {
                "title": "Task",
                "allOf": [
                    {
                        "$ref": "#/definitions/NewTask"
                    },
                    {
                        "type": "object",
                        "properties": {
                            "id": {
                                "type": "string"
                            },
                            "isCompleted": {
                                "type": "boolean"
                            },
                            "updatedAt": {
                                "type": "string",
                                "format": "date-time"
                            },
                            "createdAt": {
                                "type": "string",
                                "format": "date-time"
                            }
                        }
                    }
                ]
            }
        }
    }
}
